date,pillar,title,impressions,reactions,comments,shares,icp_match
2026-09-04,governance,Your EU AI Act register is a content problem first,2400,94,31,18,0.71
2026-09-11,governance,Article 50 in plain English for marketers,3100,110,42,22,0.64
2026-09-18,governance,What I would put on an enterprise AI tool register,1800,76,28,14,0.68
2026-08-28,founder,I shipped a health tracker instead of another SaaS wrapper,12400,410,88,36,0.11
2026-09-08,founder,"Ten years of briefs, one weekend of code",9800,355,61,29,0.14
2026-09-22,founder,What moving cities did to the people who still see my posts,8600,290,54,21,0.18
2026-09-02,craft,"The brief I used on a 40-market product line, stripped of the jargon",4200,148,39,19,0.41
2026-09-16,craft,Style guides fail because nobody can lint them,3600,132,44,16,0.48
2026-09-25,nl,Dutch MKB owners are not afraid of AI. They are afraid of leaks.,5100,167,51,24,0.38
